{
  "allFiles": [
    {
      "file": "/storage/emulated/0/AppProjects/DecimalBattery/app/src/main/AndroidManifest.xml",
      "selection": {
        "end": {
          "column": 0,
          "index": -1,
          "line": 0
        },
        "start": {
          "column": 0,
          "index": -1,
          "line": 0
        }
      }
    },
    {
      "file": "/storage/emulated/0/AppProjects/DecimalBattery/app/src/main/java/com/BrotherBoard/DecimalBattery/MainActivity.java",
      "selection": {
        "end": {
          "column": 0,
          "index": -1,
          "line": 0
        },
        "start": {
          "column": 0,
          "index": -1,
          "line": 0
        }
      }
    },
    {
      "file": "/storage/emulated/0/AppProjects/DecimalBattery/app/src/main/res/layout/main.xml",
      "selection": {
        "end": {
          "column": 21,
          "index": -1,
          "line": 8
        },
        "start": {
          "column": 21,
          "index": -1,
          "line": 8
        }
      }
    }
  ],
  "selectedFile": "/storage/emulated/0/AppProjects/DecimalBattery/app/src/main/res/layout/main.xml"
}